CustomerID,City,Contract,MonthlyCharges,Tenure,ChurnProbability,RiskCategory
CUST-103365,Delhi,Month-to-Month,109.47,2,0.8090874372989965,Critical Risk
CUST-100168,Pune,Month-to-Month,91.58,17,0.8053141490259534,Critical Risk
CUST-103007,Kolkata,Month-to-Month,112.97,4,0.8048312747737053,Critical Risk
CUST-100729,Hyderabad,Month-to-Month,89.67,6,0.8029182290347944,Critical Risk
CUST-103553,Hyderabad,Month-to-Month,100.72,15,0.8007034257025838,Critical Risk
CUST-102772,Chennai,Month-to-Month,105.42,21,0.7984320103018043,High Risk
CUST-104501,Bangalore,Month-to-Month,94.6,0,0.7941087247372461,High Risk
CUST-103064,Mumbai,Month-to-Month,85.82,22,0.7908951415498704,High Risk
CUST-103449,Kolkata,Month-to-Month,101.27,8,0.7894126768422858,High Risk
CUST-102973,Chennai,Month-to-Month,100.04,1,0.7858277032348663,High Risk
CUST-104857,Ahmedabad,Month-to-Month,108.55,3,0.7809127691294729,High Risk
CUST-104170,Mumbai,Month-to-Month,95.86,15,0.7781873305144639,High Risk
CUST-104251,Pune,Month-to-Month,83.67,19,0.7728538953855433,High Risk
CUST-103782,Bangalore,Month-to-Month,91.67,22,0.7712390641339351,High Risk
CUST-101354,Kolkata,Month-to-Month,96.6,11,0.7644251034566008,High Risk
CUST-100802,Mumbai,Month-to-Month,105.53,4,0.7644003858260408,High Risk
CUST-100331,Chennai,Month-to-Month,104.73,4,0.7639964973717887,High Risk
CUST-104800,Delhi,Month-to-Month,81.44,7,0.7634414192321657,High Risk
CUST-102136,Delhi,Month-to-Month,102.81,5,0.7630132478540846,High Risk
CUST-102815,Kolkata,Month-to-Month,96.57,0,0.7609159380821429,High Risk
CUST-104621,Mumbai,Month-to-Month,86.78,0,0.7597188887010377,High Risk
CUST-100370,Ahmedabad,Month-to-Month,87.45,1,0.7591931711725093,High Risk
CUST-100599,Mumbai,Month-to-Month,95.66,0,0.757993972941078,High Risk
CUST-102859,Mumbai,Month-to-Month,107.34,6,0.7564415898624558,High Risk
CUST-103167,Kolkata,Month-to-Month,88.31,14,0.7548107595103972,High Risk
CUST-101300,Mumbai,Month-to-Month,95.66,17,0.7528929534300984,High Risk
CUST-100218,Delhi,Month-to-Month,83.14,6,0.7515433589172328,High Risk
CUST-102291,Ahmedabad,Month-to-Month,80.85,17,0.7504919469001817,High Risk
CUST-102335,Chennai,Month-to-Month,81.23,4,0.7502321912070737,High Risk
CUST-103213,Hyderabad,Month-to-Month,93.56,17,0.7497467511522077,High Risk
CUST-104061,Pune,Month-to-Month,79.63,4,0.7480011763407922,High Risk
CUST-103249,Delhi,Month-to-Month,99.81,15,0.7443565248487247,High Risk
CUST-104196,Bangalore,Month-to-Month,84.29,17,0.7438663586543532,High Risk
CUST-100688,Chennai,Month-to-Month,81.71,4,0.741421593611037,High Risk
CUST-100042,Delhi,Month-to-Month,77.2,19,0.7405084957748609,High Risk
CUST-100856,Pune,Month-to-Month,81.3,3,0.7395935345050568,High Risk
CUST-103911,Kolkata,Month-to-Month,95.02,9,0.7383977081171033,High Risk
CUST-100741,Ahmedabad,Month-to-Month,97.66,10,0.7382578931230122,High Risk
CUST-102910,Pune,Month-to-Month,85.33,6,0.737123204559624,High Risk
CUST-101708,Chennai,Month-to-Month,124.41,13,0.7370484901770274,High Risk
CUST-101953,Mumbai,Month-to-Month,84.92,11,0.7361036041657676,High Risk
CUST-100684,Bangalore,Month-to-Month,92.63,8,0.7355474909994175,High Risk
CUST-100082,Hyderabad,Month-to-Month,83.17,2,0.7351896401364406,High Risk
CUST-103448,Bangalore,Month-to-Month,100.55,5,0.7351549030712967,High Risk
CUST-102609,Chennai,Month-to-Month,112.55,14,0.7315467726720181,High Risk
CUST-104077,Delhi,Month-to-Month,96.88,13,0.7301780463240952,High Risk
CUST-102478,Pune,Month-to-Month,77.7,2,0.7290250046827202,High Risk
CUST-102284,Bangalore,Month-to-Month,89.34,19,0.726081784004046,High Risk
CUST-101502,Chennai,Month-to-Month,79.06,1,0.7228689883052565,High Risk
CUST-102069,Kolkata,Month-to-Month,84.04,21,0.7223812286167508,High Risk
CUST-100969,Bangalore,Month-to-Month,80.94,6,0.721472445009046,High Risk
CUST-101360,Hyderabad,Month-to-Month,104.83,7,0.7192682815676805,High Risk
CUST-100987,Bangalore,Month-to-Month,105.98,8,0.7190411539192533,High Risk
CUST-100963,Mumbai,Month-to-Month,85.75,3,0.7174904580986176,High Risk
CUST-103800,Pune,Month-to-Month,113.76,16,0.7172916608937372,High Risk
CUST-103357,Hyderabad,Month-to-Month,102.85,15,0.7160157442274985,High Risk
CUST-101908,Kolkata,Month-to-Month,132.45,17,0.713465213040775,High Risk
CUST-102566,Mumbai,Month-to-Month,83.69,8,0.7133738157754886,High Risk
CUST-100134,Pune,Month-to-Month,96.18,14,0.7110096596986176,High Risk
CUST-102818,Ahmedabad,Month-to-Month,96.59,3,0.7098159562939306,High Risk
CUST-100400,Bangalore,Month-to-Month,74.66,1,0.7091469097716024,High Risk
CUST-103077,Mumbai,Month-to-Month,91.05,26,0.7088727208612369,High Risk
CUST-102493,Bangalore,Month-to-Month,85.77,16,0.7083451624306725,High Risk
CUST-103541,Kolkata,Month-to-Month,87.39,20,0.707156762521785,High Risk
CUST-104367,Pune,Month-to-Month,96.38,2,0.7052966391209449,High Risk
CUST-102221,Bangalore,Month-to-Month,127.38,7,0.7033566655051369,High Risk
CUST-103050,Delhi,Month-to-Month,97.38,19,0.7031324333727443,High Risk
CUST-100492,Mumbai,Month-to-Month,133.52,0,0.6975587463873549,High Risk
CUST-100604,Chennai,Month-to-Month,86.64,11,0.6965974087835368,High Risk
CUST-100888,Chennai,Month-to-Month,111.94,31,0.695333514254775,High Risk
CUST-101273,Bangalore,Month-to-Month,112.95,20,0.6953038098273411,High Risk
CUST-102125,Mumbai,Month-to-Month,116.0,8,0.6949847076649357,High Risk
CUST-100615,Kolkata,Month-to-Month,98.94,2,0.6937368985042566,High Risk
CUST-103364,Delhi,Month-to-Month,79.95,4,0.6930514768175553,High Risk
CUST-100011,Pune,Month-to-Month,99.19,12,0.6929931429506719,High Risk
CUST-103161,Mumbai,Month-to-Month,94.03,18,0.6913377496444016,High Risk
CUST-104188,Kolkata,Month-to-Month,84.09,25,0.6886881385865512,High Risk
CUST-102352,Bangalore,Month-to-Month,136.36,1,0.6883978446414901,High Risk
CUST-102936,Pune,Month-to-Month,89.92,8,0.6878982241886004,High Risk
CUST-101549,Chennai,Month-to-Month,77.64,9,0.6872531287819318,High Risk
CUST-104701,Mumbai,Month-to-Month,85.31,2,0.6798039015493288,High Risk
CUST-100921,Delhi,Month-to-Month,106.16,2,0.679515217058678,High Risk
CUST-101829,Kolkata,Month-to-Month,113.9,8,0.6775524453418827,High Risk
CUST-100641,Hyderabad,Month-to-Month,112.81,8,0.6771383793046986,High Risk
CUST-104511,Delhi,Month-to-Month,108.72,29,0.6762667873846969,High Risk
CUST-104691,Pune,Month-to-Month,70.48,4,0.6759817098748759,High Risk
CUST-103618,Mumbai,Month-to-Month,86.71,7,0.6739965130095023,High Risk
CUST-102971,Delhi,Month-to-Month,72.45,2,0.6724827923608894,High Risk
CUST-100176,Chennai,Month-to-Month,98.17,27,0.6722115792727006,High Risk
CUST-100679,Pune,Month-to-Month,107.1,9,0.6714214969436859,High Risk
CUST-101457,Kolkata,Month-to-Month,101.31,40,0.6711948911242224,High Risk
CUST-102847,Chennai,Month-to-Month,105.35,2,0.6704196797599787,High Risk
CUST-102856,Bangalore,Month-to-Month,93.81,14,0.6678974837974831,High Risk
CUST-104633,Ahmedabad,Month-to-Month,109.95,11,0.6660468977730578,High Risk
CUST-102272,Mumbai,Month-to-Month,88.26,0,0.664449679954254,High Risk
CUST-104757,Kolkata,Month-to-Month,94.31,11,0.6636387284011178,High Risk
CUST-101797,Ahmedabad,Month-to-Month,88.12,20,0.6632547804021881,High Risk
CUST-102122,Mumbai,Month-to-Month,84.09,8,0.6606262528801856,High Risk
CUST-100448,Mumbai,Month-to-Month,90.9,13,0.6582765536580948,High Risk
CUST-101898,Bangalore,Month-to-Month,87.36,10,0.6582451944536609,High Risk
CUST-101109,Bangalore,Month-to-Month,73.02,18,0.6572101100320193,High Risk
CUST-100003,Bangalore,Two Year,101.83,1,0.6564540890431539,High Risk
CUST-102616,Hyderabad,Month-to-Month,92.98,9,0.6561953246515926,High Risk
CUST-104463,Pune,Month-to-Month,78.83,23,0.655675906106941,High Risk
CUST-101224,Delhi,Month-to-Month,74.97,0,0.6549146183336408,High Risk
CUST-103173,Mumbai,Month-to-Month,76.96,8,0.6542383760083943,High Risk
CUST-100701,Delhi,Month-to-Month,101.63,23,0.6528432370944287,High Risk
CUST-101131,Hyderabad,Month-to-Month,93.58,8,0.6501520221119261,High Risk
CUST-101227,Mumbai,Month-to-Month,107.05,2,0.6491634011132964,High Risk
CUST-104381,Delhi,Month-to-Month,101.56,20,0.6484710824398434,High Risk
CUST-101693,Kolkata,Month-to-Month,99.59,7,0.644038955903755,High Risk
CUST-103680,Pune,One Year,83.57,4,0.6434022946827875,High Risk
CUST-100493,Bangalore,Month-to-Month,106.02,18,0.641952600108032,High Risk
CUST-103760,Delhi,One Year,86.57,3,0.6403705095268092,High Risk
CUST-101677,Mumbai,Two Year,92.83,1,0.637806960459692,High Risk
CUST-103214,Pune,Month-to-Month,74.44,2,0.6357114186762253,High Risk
CUST-103822,Hyderabad,Month-to-Month,120.49,10,0.6355653386613128,High Risk
CUST-103989,Bangalore,One Year,90.4,2,0.6351284862222737,High Risk
CUST-102090,Hyderabad,Month-to-Month,100.31,33,0.6345677036374898,High Risk
CUST-101513,Hyderabad,One Year,92.45,1,0.6324388486506202,High Risk
CUST-102963,Mumbai,Month-to-Month,88.41,1,0.6323728307630475,High Risk
CUST-100742,Mumbai,Month-to-Month,75.54,0,0.629938572651307,High Risk
CUST-101387,Mumbai,Month-to-Month,100.45,31,0.6260881607444818,High Risk
CUST-102635,Delhi,Month-to-Month,89.66,1,0.6244480005719386,High Risk
CUST-100499,Pune,Month-to-Month,105.29,41,0.6243832574707908,High Risk
CUST-100578,Bangalore,One Year,84.35,1,0.6234673364148037,High Risk
CUST-101703,Mumbai,One Year,88.67,1,0.6234220139275617,High Risk
CUST-101164,Kolkata,One Year,82.79,3,0.6231831780542448,High Risk
CUST-100870,Hyderabad,Month-to-Month,91.3,25,0.6219493689268711,High Risk
CUST-101892,Mumbai,One Year,102.15,3,0.6217178034808131,High Risk
CUST-100827,Delhi,One Year,107.19,4,0.621078845122168,High Risk
CUST-102780,Mumbai,One Year,112.47,6,0.6209133198902637,High Risk
CUST-104901,Hyderabad,Month-to-Month,91.98,1,0.6189758148677631,High Risk
CUST-100928,Delhi,Month-to-Month,83.47,11,0.6188577212881238,High Risk
CUST-102770,Mumbai,Month-to-Month,79.64,12,0.6172686957064911,High Risk
CUST-102483,Bangalore,Month-to-Month,98.07,9,0.6162541498826761,High Risk
CUST-103941,Mumbai,Month-to-Month,113.0,1,0.6153475675085668,High Risk
CUST-101304,Kolkata,Month-to-Month,90.79,7,0.6149417066053442,High Risk
CUST-101720,Delhi,One Year,86.14,5,0.6107524686572154,High Risk
CUST-101572,Ahmedabad,Month-to-Month,99.82,9,0.6103657615675014,High Risk
CUST-102439,Mumbai,Month-to-Month,84.6,4,0.6099545892736211,High Risk
CUST-102137,Delhi,Month-to-Month,58.49,3,0.6097496198118786,High Risk
CUST-101674,Delhi,One Year,95.28,4,0.6089149766898251,High Risk
CUST-101637,Pune,One Year,92.48,1,0.6088514041157724,High Risk
CUST-102612,Kolkata,Month-to-Month,81.6,16,0.6083980475854498,High Risk
CUST-101528,Mumbai,Month-to-Month,80.31,3,0.6083412477789792,High Risk
CUST-101427,Mumbai,Month-to-Month,83.39,16,0.6077533122738903,High Risk
CUST-104980,Mumbai,Month-to-Month,69.96,27,0.6063801936056521,High Risk
CUST-103685,Hyderabad,Month-to-Month,72.15,4,0.6053768530129647,High Risk
CUST-101471,Mumbai,Month-to-Month,102.79,6,0.6052241257183393,High Risk
CUST-102349,Chennai,Month-to-Month,68.15,8,0.604234895528385,High Risk
CUST-104686,Kolkata,Month-to-Month,80.87,12,0.6042134856680945,High Risk
CUST-104053,Bangalore,Month-to-Month,86.86,7,0.6041767938672243,High Risk
CUST-102399,Mumbai,Month-to-Month,106.82,9,0.6040574379442708,High Risk
CUST-103887,Bangalore,Month-to-Month,89.99,0,0.603875336649602,High Risk
CUST-103592,Bangalore,Month-to-Month,96.25,5,0.6031309882774678,High Risk
CUST-101622,Bangalore,One Year,118.69,6,0.6030445627145691,High Risk
CUST-100296,Chennai,Month-to-Month,84.04,14,0.6023997747077776,High Risk
CUST-102584,Delhi,One Year,99.05,2,0.6019883948947253,High Risk
CUST-104650,Bangalore,One Year,87.16,23,0.6016412980078192,High Risk
CUST-103549,Pune,Month-to-Month,82.45,0,0.6014511216525873,High Risk
CUST-101787,Bangalore,One Year,95.87,6,0.6011663224144587,High Risk
CUST-101672,Ahmedabad,Month-to-Month,110.53,6,0.6001946905971205,High Risk
CUST-101434,Chennai,Month-to-Month,94.06,5,0.5996030479940458,Medium Risk
CUST-101634,Mumbai,Month-to-Month,97.8,8,0.5988323751291008,Medium Risk
CUST-101822,Bangalore,Month-to-Month,64.88,12,0.5984647023365033,Medium Risk
CUST-100828,Bangalore,One Year,89.93,2,0.5979370908845015,Medium Risk
CUST-102618,Chennai,Month-to-Month,72.68,1,0.5972718112701141,Medium Risk
CUST-103914,Mumbai,Month-to-Month,101.17,0,0.5970503687971093,Medium Risk
CUST-100735,Chennai,Month-to-Month,98.59,30,0.5951622512699342,Medium Risk
CUST-100903,Hyderabad,Two Year,86.67,21,0.5945968628778997,Medium Risk
CUST-101254,Pune,Month-to-Month,100.9,35,0.5941776579423715,Medium Risk
CUST-104278,Delhi,Month-to-Month,108.95,4,0.5939240910549152,Medium Risk
CUST-100347,Delhi,Month-to-Month,58.36,10,0.5933482728766745,Medium Risk
CUST-104115,Pune,Month-to-Month,69.72,9,0.5931870241256417,Medium Risk
CUST-103657,Delhi,Month-to-Month,81.25,28,0.5920972834645154,Medium Risk
CUST-103523,Mumbai,Month-to-Month,99.96,6,0.5916659909023434,Medium Risk
CUST-104176,Mumbai,One Year,91.08,2,0.5912041209678456,Medium Risk
CUST-101076,Kolkata,Month-to-Month,79.14,28,0.5897201167993021,Medium Risk
CUST-103737,Bangalore,Two Year,93.98,0,0.5889623229061751,Medium Risk
CUST-100555,Ahmedabad,Month-to-Month,102.44,26,0.5886068850162687,Medium Risk
CUST-103938,Mumbai,One Year,87.37,8,0.5870767611998102,Medium Risk
CUST-102725,Chennai,Two Year,84.2,13,0.5870758043395888,Medium Risk
CUST-101912,Kolkata,Two Year,101.76,17,0.5861424510079917,Medium Risk
CUST-102309,Bangalore,Two Year,87.51,16,0.5848888719601905,Medium Risk
CUST-104911,Delhi,Month-to-Month,100.41,2,0.5842977155845747,Medium Risk
CUST-100184,Delhi,Month-to-Month,77.49,21,0.5833940855007861,Medium Risk
CUST-103347,Hyderabad,Month-to-Month,51.1,5,0.5828610696776413,Medium Risk
CUST-104043,Bangalore,Month-to-Month,102.84,3,0.5827877061398191,Medium Risk
CUST-100606,Delhi,Two Year,83.4,2,0.5826558966521833,Medium Risk
CUST-101468,Mumbai,One Year,112.91,18,0.5825085985597521,Medium Risk
CUST-102432,Hyderabad,Month-to-Month,96.26,6,0.5821150218643242,Medium Risk
CUST-103799,Mumbai,Month-to-Month,70.66,12,0.5811869669456994,Medium Risk
CUST-102242,Hyderabad,Month-to-Month,83.1,18,0.5809562987674446,Medium Risk
CUST-102152,Kolkata,Month-to-Month,107.32,28,0.580475749616743,Medium Risk
CUST-104865,Mumbai,One Year,105.69,15,0.580315108342604,Medium Risk
CUST-100732,Mumbai,Month-to-Month,115.76,32,0.5797993120197296,Medium Risk
CUST-100630,Bangalore,Two Year,102.34,16,0.5795149663895869,Medium Risk
CUST-101097,Mumbai,Month-to-Month,109.61,0,0.579273474811893,Medium Risk
CUST-104386,Pune,Month-to-Month,95.42,25,0.5791020337800463,Medium Risk
CUST-100881,Bangalore,Month-to-Month,62.68,5,0.5787052001528115,Medium Risk
CUST-101740,Pune,Month-to-Month,75.47,27,0.5782962883891339,Medium Risk
CUST-104491,Bangalore,Month-to-Month,95.83,11,0.5777322400654473,Medium Risk
CUST-103447,Chennai,Two Year,95.01,4,0.5771830669349751,Medium Risk
CUST-101906,Mumbai,Two Year,84.04,3,0.5754264210085194,Medium Risk
CUST-104368,Mumbai,One Year,107.5,15,0.5743869238655123,Medium Risk
CUST-104625,Pune,Month-to-Month,93.41,2,0.5743419090101932,Medium Risk
CUST-103270,Delhi,Month-to-Month,67.94,3,0.5738652560367746,Medium Risk
CUST-100150,Chennai,Month-to-Month,85.38,8,0.5729179804887896,Medium Risk
CUST-101590,Chennai,Month-to-Month,110.18,0,0.5712145725810333,Medium Risk
CUST-104546,Kolkata,Month-to-Month,97.32,4,0.5693658084991235,Medium Risk
CUST-100518,Delhi,Month-to-Month,95.22,9,0.569052296935176,Medium Risk
CUST-104225,Kolkata,Month-to-Month,101.37,16,0.5685661545435605,Medium Risk
CUST-104784,Delhi,Month-to-Month,83.2,41,0.5681855066133862,Medium Risk
CUST-103676,Chennai,One Year,89.25,1,0.568131277331961,Medium Risk
CUST-104882,Hyderabad,Month-to-Month,98.53,4,0.567721727126465,Medium Risk
CUST-104617,Hyderabad,Two Year,82.17,9,0.566615519922873,Medium Risk
CUST-102895,Delhi,Month-to-Month,98.69,13,0.5665190438736954,Medium Risk
CUST-104768,Delhi,Month-to-Month,89.81,13,0.5664411474550423,Medium Risk
CUST-102605,Ahmedabad,Two Year,60.85,3,0.5637558993030755,Medium Risk
CUST-103691,Chennai,One Year,113.14,10,0.5635260750202836,Medium Risk
CUST-104963,Chennai,One Year,78.44,9,0.5629167449916642,Medium Risk
CUST-101256,Bangalore,Month-to-Month,52.13,6,0.5625418792612525,Medium Risk
CUST-102894,Bangalore,Month-to-Month,86.41,0,0.5622679899310968,Medium Risk
CUST-103757,Bangalore,Month-to-Month,69.65,7,0.5619109935804963,Medium Risk
CUST-103179,Mumbai,Two Year,93.7,0,0.5617566031097212,Medium Risk
CUST-100509,Chennai,Two Year,93.41,4,0.560863839944413,Medium Risk
CUST-100608,Hyderabad,One Year,87.84,12,0.560106460204862,Medium Risk
CUST-101717,Ahmedabad,Month-to-Month,99.71,10,0.5585254435208604,Medium Risk
CUST-103321,Kolkata,Month-to-Month,104.39,1,0.5584508910117827,Medium Risk
CUST-100997,Hyderabad,Month-to-Month,97.67,2,0.5581665045894926,Medium Risk
CUST-104637,Pune,One Year,85.91,4,0.5578239549067011,Medium Risk
CUST-101975,Kolkata,Month-to-Month,94.65,1,0.5564251009096348,Medium Risk
CUST-103579,Delhi,Two Year,80.55,13,0.5544341031600237,Medium Risk
CUST-101731,Ahmedabad,Month-to-Month,68.54,4,0.5536894264802994,Medium Risk
CUST-102302,Pune,Two Year,91.98,15,0.5533126305526985,Medium Risk
CUST-100241,Hyderabad,Month-to-Month,92.86,0,0.5527380567226977,Medium Risk
CUST-102922,Chennai,Two Year,76.38,21,0.5514257134970483,Medium Risk
CUST-103615,Pune,Month-to-Month,82.6,3,0.5505127743023094,Medium Risk
CUST-102822,Delhi,Month-to-Month,82.46,11,0.5503168839542419,Medium Risk
CUST-103419,Bangalore,Month-to-Month,92.72,6,0.5498766939068425,Medium Risk
CUST-102926,Delhi,Month-to-Month,92.34,17,0.5498125057941736,Medium Risk
CUST-103544,Delhi,Month-to-Month,103.75,48,0.5489725691115652,Medium Risk
CUST-101142,Bangalore,Month-to-Month,90.95,16,0.5488023031244587,Medium Risk
CUST-100966,Chennai,One Year,103.62,20,0.5475039056482658,Medium Risk
CUST-100076,Ahmedabad,Month-to-Month,82.99,0,0.5472742787190384,Medium Risk
CUST-104789,Delhi,Month-to-Month,82.27,11,0.5448618922094581,Medium Risk
CUST-104139,Bangalore,Month-to-Month,38.48,6,0.5445642379071056,Medium Risk
CUST-103001,Bangalore,Month-to-Month,83.51,16,0.5437210125305485,Medium Risk
CUST-101927,Chennai,Two Year,94.07,14,0.5429483021457716,Medium Risk
CUST-100160,Chennai,Two Year,79.01,16,0.5418965840759068,Medium Risk
CUST-104562,Mumbai,Month-to-Month,88.09,6,0.5415016364877806,Medium Risk
CUST-102782,Bangalore,Month-to-Month,63.17,24,0.541378804805107,Medium Risk
CUST-101228,Bangalore,Month-to-Month,73.73,5,0.5413342716967978,Medium Risk
CUST-103190,Kolkata,Two Year,109.96,9,0.5406225939134933,Medium Risk
CUST-100377,Bangalore,One Year,90.39,7,0.5380390485172917,Medium Risk
CUST-104657,Delhi,Two Year,93.45,20,0.5364397351709304,Medium Risk
CUST-102138,Pune,Two Year,92.61,12,0.5361362308997947,Medium Risk
CUST-104424,Hyderabad,Month-to-Month,67.97,30,0.5324955888208124,Medium Risk
CUST-101936,Ahmedabad,Month-to-Month,99.98,14,0.5313429520890497,Medium Risk
CUST-101073,Mumbai,Month-to-Month,103.55,30,0.5310723667908275,Medium Risk
CUST-100648,Mumbai,Two Year,90.22,23,0.5304807559279684,Medium Risk
CUST-102410,Bangalore,One Year,100.7,18,0.5299889706995806,Medium Risk
CUST-102107,Chennai,Month-to-Month,80.85,11,0.5285674233803759,Medium Risk
CUST-101980,Hyderabad,Two Year,117.57,9,0.5283484453686386,Medium Risk
CUST-104313,Delhi,Month-to-Month,51.98,0,0.5266419791009185,Medium Risk
CUST-101796,Delhi,One Year,89.53,16,0.5266035833422084,Medium Risk
CUST-104480,Bangalore,Month-to-Month,89.48,5,0.5258630466314853,Medium Risk
CUST-102083,Mumbai,Two Year,84.82,17,0.5258508961651354,Medium Risk
CUST-104749,Ahmedabad,One Year,61.19,0,0.5257319217742022,Medium Risk
CUST-104976,Bangalore,Month-to-Month,42.63,6,0.5252507810307716,Medium Risk
CUST-100592,Bangalore,Month-to-Month,91.14,3,0.5250030794797109,Medium Risk
CUST-102017,Hyderabad,Two Year,72.47,0,0.5244108788895386,Medium Risk
CUST-103600,Chennai,Month-to-Month,98.54,27,0.5243273102062069,Medium Risk
CUST-104401,Mumbai,Month-to-Month,38.48,5,0.5239221645431965,Medium Risk
CUST-103710,Kolkata,One Year,105.43,12,0.5229913008662899,Medium Risk
CUST-101052,Pune,Month-to-Month,64.64,16,0.5218834547080293,Medium Risk
CUST-102307,Chennai,Month-to-Month,71.63,0,0.5196789551823631,Medium Risk
CUST-102913,Bangalore,Month-to-Month,91.81,16,0.5194887074796999,Medium Risk
CUST-100113,Hyderabad,Month-to-Month,97.59,11,0.5194870122457284,Medium Risk
CUST-101368,Bangalore,Month-to-Month,93.42,2,0.5176334494910707,Medium Risk
CUST-102334,Ahmedabad,One Year,94.99,9,0.5175246719135073,Medium Risk
CUST-100519,Mumbai,One Year,83.13,1,0.5153444669151369,Medium Risk
CUST-104981,Mumbai,Month-to-Month,82.84,12,0.5147628735702718,Medium Risk
CUST-102998,Pune,Two Year,93.35,22,0.5141774852071032,Medium Risk
CUST-103418,Bangalore,Two Year,82.06,19,0.5136369548196739,Medium Risk
CUST-101714,Kolkata,Two Year,77.19,16,0.5134180462263532,Medium Risk
CUST-102175,Hyderabad,Month-to-Month,73.23,13,0.51320289458637,Medium Risk
CUST-103326,Chennai,Month-to-Month,104.9,72,0.5126435034876015,Medium Risk
CUST-101545,Pune,Month-to-Month,42.65,3,0.5109299497136036,Medium Risk
CUST-104101,Pune,Month-to-Month,83.38,48,0.5098359022753652,Medium Risk
CUST-102154,Bangalore,One Year,83.05,18,0.5097684367813801,Medium Risk
CUST-101246,Hyderabad,Month-to-Month,63.33,0,0.5096757175658028,Medium Risk
CUST-100053,Delhi,Month-to-Month,96.56,31,0.5095585715657662,Medium Risk
CUST-104909,Hyderabad,Month-to-Month,88.51,17,0.5080729880599718,Medium Risk
CUST-100712,Ahmedabad,One Year,78.48,1,0.5072921607042679,Medium Risk
CUST-101094,Hyderabad,Month-to-Month,81.29,32,0.5064968595401049,Medium Risk
CUST-101832,Bangalore,One Year,103.11,21,0.5046244487647255,Medium Risk
CUST-103786,Mumbai,Month-to-Month,69.6,32,0.5040483351094661,Medium Risk
CUST-100532,Ahmedabad,Month-to-Month,69.35,28,0.5033875410115147,Medium Risk
CUST-104578,Delhi,Month-to-Month,90.71,45,0.5017523541733517,Medium Risk
CUST-100061,Mumbai,Month-to-Month,52.15,23,0.5009946175840791,Medium Risk
CUST-100631,Bangalore,Month-to-Month,72.5,13,0.500667221473759,Medium Risk
CUST-100522,Pune,Month-to-Month,78.66,30,0.5006039006345924,Medium Risk
CUST-102536,Bangalore,Month-to-Month,104.98,20,0.5002104815713159,Medium Risk
CUST-101121,Chennai,One Year,97.31,23,0.4999958112032803,Medium Risk
CUST-100236,Delhi,One Year,76.93,27,0.4998641919628324,Medium Risk
CUST-100488,Bangalore,Month-to-Month,65.37,29,0.4995454064480858,Medium Risk
CUST-104165,Mumbai,Month-to-Month,103.36,44,0.4994978464377226,Medium Risk
CUST-101247,Chennai,Two Year,101.01,10,0.49931551997698753,Medium Risk
CUST-101104,Bangalore,Month-to-Month,89.57,9,0.4988817433326587,Medium Risk
CUST-101049,Pune,Month-to-Month,67.37,1,0.49816835526398334,Medium Risk
CUST-101778,Chennai,Month-to-Month,79.3,1,0.4980511819662768,Medium Risk
CUST-103134,Kolkata,Month-to-Month,83.73,3,0.49724387043449864,Medium Risk
CUST-100998,Hyderabad,Two Year,58.85,3,0.49710161276978976,Medium Risk
CUST-103235,Ahmedabad,Month-to-Month,104.55,18,0.4969803679364634,Medium Risk
CUST-101391,Bangalore,Month-to-Month,94.64,14,0.4969076333096337,Medium Risk
CUST-101470,Delhi,Two Year,81.97,16,0.4967447799618673,Medium Risk
CUST-101657,Kolkata,Month-to-Month,65.88,5,0.49636877656499157,Medium Risk
CUST-103585,Kolkata,Month-to-Month,95.23,1,0.4954150858222255,Medium Risk
CUST-100272,Mumbai,Two Year,104.8,8,0.49508264829213705,Medium Risk
CUST-100044,Delhi,Two Year,77.81,14,0.4932096823702483,Medium Risk
CUST-102010,Chennai,Month-to-Month,110.53,19,0.49299625961601823,Medium Risk
CUST-103141,Hyderabad,Month-to-Month,48.66,10,0.49271676585153984,Medium Risk
CUST-100329,Hyderabad,One Year,75.68,25,0.4925040065669781,Medium Risk
CUST-102149,Pune,Month-to-Month,103.15,3,0.49179726622919323,Medium Risk
CUST-100514,Chennai,Month-to-Month,63.51,5,0.49117664649930787,Medium Risk
CUST-104285,Delhi,Month-to-Month,120.47,19,0.4909555612193083,Medium Risk
CUST-103900,Mumbai,Month-to-Month,68.39,18,0.4907805607661455,Medium Risk
CUST-103182,Pune,Month-to-Month,86.7,15,0.4907042320613766,Medium Risk
CUST-102507,Delhi,Month-to-Month,43.7,2,0.4906290080486013,Medium Risk
CUST-100169,Mumbai,Month-to-Month,66.6,20,0.48965834106373846,Medium Risk
CUST-102336,Kolkata,One Year,75.23,17,0.4896239295062321,Medium Risk
CUST-103547,Kolkata,Month-to-Month,89.3,33,0.48957344303618877,Medium Risk
CUST-101442,Mumbai,Month-to-Month,79.38,12,0.4893682521541127,Medium Risk
CUST-100984,Hyderabad,Month-to-Month,109.53,18,0.48934387485206976,Medium Risk
CUST-101956,Ahmedabad,One Year,65.99,1,0.48824243369266546,Medium Risk
CUST-104355,Hyderabad,Month-to-Month,78.71,54,0.4880246718274446,Medium Risk
CUST-100587,Mumbai,Month-to-Month,76.66,6,0.48763682428462585,Medium Risk
CUST-100962,Pune,Month-to-Month,59.2,23,0.4875687522161721,Medium Risk
CUST-100781,Chennai,Month-to-Month,50.95,7,0.4859863493005636,Medium Risk
CUST-104118,Mumbai,One Year,78.26,0,0.48554858658470135,Medium Risk
CUST-102842,Delhi,Month-to-Month,110.41,13,0.4849860659620312,Medium Risk
CUST-104631,Kolkata,One Year,64.82,2,0.4845996303460953,Medium Risk
CUST-103767,Delhi,Month-to-Month,86.69,29,0.4841062615587298,Medium Risk
CUST-103651,Mumbai,Month-to-Month,100.68,63,0.4829831495302372,Medium Risk
CUST-100848,Delhi,Month-to-Month,99.28,72,0.48192888666303435,Medium Risk
CUST-100822,Chennai,Month-to-Month,108.58,36,0.4804460753921912,Medium Risk
CUST-103495,Hyderabad,Month-to-Month,92.38,3,0.4803198886955399,Medium Risk
CUST-101877,Mumbai,Month-to-Month,88.6,20,0.4801863812727613,Medium Risk
CUST-104890,Mumbai,Month-to-Month,84.39,0,0.4799797085324466,Medium Risk
CUST-102715,Kolkata,Month-to-Month,46.07,10,0.4786830073294733,Medium Risk
CUST-103934,Delhi,Two Year,77.45,9,0.4783247400272944,Medium Risk
CUST-104885,Kolkata,Month-to-Month,59.46,5,0.4779745637305239,Medium Risk
CUST-103005,Chennai,Month-to-Month,58.22,29,0.47648448768194024,Medium Risk
CUST-102076,Bangalore,Month-to-Month,77.88,19,0.4761927852021059,Medium Risk
CUST-102631,Bangalore,Two Year,75.32,1,0.4747823635885831,Medium Risk
CUST-103045,Delhi,Month-to-Month,92.87,35,0.4747187430785834,Medium Risk
CUST-100005,Hyderabad,One Year,82.84,27,0.4739206075714092,Medium Risk
CUST-101008,Delhi,One Year,73.97,2,0.47367113135906785,Medium Risk
CUST-103780,Delhi,Two Year,92.13,7,0.47235704277452745,Medium Risk
CUST-103225,Ahmedabad,Month-to-Month,80.03,49,0.47224325562589553,Medium Risk
CUST-102663,Pune,Month-to-Month,86.64,36,0.4719984793575783,Medium Risk
CUST-100923,Mumbai,One Year,76.84,27,0.4698189432146708,Medium Risk
CUST-101928,Hyderabad,One Year,91.89,11,0.4693387121766015,Medium Risk
CUST-101277,Ahmedabad,Month-to-Month,84.96,36,0.46920531880472327,Medium Risk
CUST-101182,Pune,One Year,93.16,23,0.46871383535572086,Medium Risk
CUST-102392,Delhi,Month-to-Month,53.54,28,0.4686249684779414,Medium Risk
CUST-104455,Ahmedabad,Two Year,87.43,4,0.46861348053423446,Medium Risk
CUST-103970,Ahmedabad,Two Year,85.96,0,0.4677206626427521,Medium Risk
CUST-101532,Bangalore,Month-to-Month,112.85,62,0.4672736613127042,Medium Risk
CUST-103872,Hyderabad,Month-to-Month,41.36,1,0.4663618197868212,Medium Risk
CUST-102932,Mumbai,Month-to-Month,37.36,15,0.46456485520577645,Medium Risk
CUST-102691,Ahmedabad,Two Year,100.27,22,0.4637567391445718,Medium Risk
CUST-101244,Pune,Month-to-Month,59.26,0,0.46074678355159704,Medium Risk
CUST-102276,Kolkata,One Year,73.28,11,0.45859596574910183,Medium Risk
CUST-104157,Bangalore,One Year,57.55,0,0.45846956569249186,Medium Risk
CUST-101232,Ahmedabad,Month-to-Month,62.84,22,0.45817149398668033,Medium Risk
CUST-100285,Ahmedabad,Month-to-Month,59.77,8,0.45771235606949306,Medium Risk
CUST-104159,Bangalore,Month-to-Month,93.5,33,0.45755830853684765,Medium Risk
CUST-104632,Bangalore,Two Year,82.87,12,0.4571504355870361,Medium Risk
CUST-103132,Delhi,Month-to-Month,80.93,44,0.4567607823408968,Medium Risk
CUST-101588,Mumbai,Month-to-Month,79.27,37,0.45433651362821337,Medium Risk
CUST-101541,Hyderabad,Month-to-Month,54.87,9,0.4535645629116279,Medium Risk
CUST-100810,Bangalore,Month-to-Month,40.53,10,0.45234329969845855,Medium Risk
CUST-102695,Ahmedabad,Month-to-Month,105.83,39,0.4510336495378655,Medium Risk
CUST-101231,Bangalore,Month-to-Month,106.74,47,0.4508623029955953,Medium Risk
CUST-101902,Hyderabad,Month-to-Month,89.8,20,0.45074297466131014,Medium Risk
CUST-101876,Ahmedabad,One Year,89.38,36,0.4503116817494855,Medium Risk
CUST-103670,Pune,Month-to-Month,93.2,69,0.4500003693495234,Medium Risk
CUST-101944,Hyderabad,Month-to-Month,59.27,6,0.44866342303504536,Medium Risk
CUST-101133,Mumbai,Month-to-Month,45.56,30,0.4482531572707835,Medium Risk
CUST-101129,Chennai,One Year,78.73,31,0.4478516617261294,Medium Risk
CUST-101418,Ahmedabad,Month-to-Month,44.88,16,0.44781122726411005,Medium Risk
CUST-104866,Mumbai,Month-to-Month,43.17,22,0.4461764398339878,Medium Risk
CUST-104265,Mumbai,Month-to-Month,112.39,72,0.4461383034993487,Medium Risk
CUST-102403,Ahmedabad,Month-to-Month,42.84,1,0.4460947870057162,Medium Risk
CUST-101474,Pune,Month-to-Month,52.88,10,0.44592303128646354,Medium Risk
CUST-101994,Bangalore,Month-to-Month,40.43,12,0.4449962249727914,Medium Risk
CUST-102944,Hyderabad,Two Year,79.56,5,0.444913064680758,Medium Risk
CUST-100953,Delhi,Two Year,53.55,1,0.4446495512260684,Medium Risk
CUST-102771,Mumbai,Month-to-Month,85.36,41,0.44429207841152846,Medium Risk
CUST-104248,Hyderabad,Month-to-Month,66.74,2,0.4439360299646424,Medium Risk
CUST-102790,Hyderabad,Month-to-Month,86.97,35,0.4428105349501192,Medium Risk
CUST-101070,Kolkata,Month-to-Month,57.68,3,0.4425970547936378,Medium Risk
CUST-103602,Hyderabad,Month-to-Month,56.53,13,0.4419911343479914,Medium Risk
CUST-104872,Mumbai,Month-to-Month,83.64,16,0.44181109958610126,Medium Risk
CUST-102444,Chennai,Month-to-Month,79.51,13,0.4416742025696621,Medium Risk
CUST-101466,Ahmedabad,Month-to-Month,73.41,0,0.44161644290404656,Medium Risk
CUST-100127,Mumbai,Month-to-Month,89.38,19,0.4391293352933031,Medium Risk
CUST-103878,Hyderabad,Two Year,106.58,24,0.43842304556006695,Medium Risk
CUST-102161,Delhi,Two Year,84.92,1,0.43796985211926615,Medium Risk
CUST-100006,Bangalore,One Year,72.35,16,0.437804665252838,Medium Risk
CUST-101376,Delhi,Month-to-Month,48.91,2,0.43753116567149486,Medium Risk
CUST-101278,Hyderabad,Month-to-Month,112.84,39,0.43695823193068245,Medium Risk
CUST-103817,Delhi,Month-to-Month,76.59,4,0.4368208907853695,Medium Risk
CUST-103839,Mumbai,Two Year,104.9,18,0.4360145601536689,Medium Risk
CUST-101026,Mumbai,One Year,73.72,6,0.43504258925139616,Medium Risk
CUST-102360,Bangalore,Month-to-Month,48.86,31,0.4340256992683821,Medium Risk
CUST-100733,Chennai,Month-to-Month,43.54,9,0.4329941161477522,Medium Risk
CUST-104752,Bangalore,Month-to-Month,91.16,22,0.43221131264802826,Medium Risk
CUST-102923,Hyderabad,Month-to-Month,79.01,19,0.43177052052092324,Medium Risk
CUST-104982,Delhi,Month-to-Month,78.54,38,0.43149754380551236,Medium Risk
CUST-101272,Chennai,One Year,102.13,33,0.43126654260147906,Medium Risk
CUST-103623,Delhi,Month-to-Month,93.27,38,0.4309758807665873,Medium Risk
CUST-104214,Hyderabad,Month-to-Month,75.17,36,0.4304373571496603,Medium Risk
CUST-103740,Delhi,Month-to-Month,92.1,43,0.42808694078113946,Medium Risk
CUST-104015,Kolkata,One Year,66.65,15,0.42793140552715586,Medium Risk
CUST-104498,Kolkata,Month-to-Month,43.91,36,0.4260717043177434,Medium Risk
CUST-104729,Bangalore,Two Year,53.14,2,0.4251498533489419,Medium Risk
CUST-102820,Delhi,Month-to-Month,73.43,22,0.4250262658813951,Medium Risk
CUST-104034,Hyderabad,Month-to-Month,78.48,2,0.4246058503744834,Medium Risk
CUST-100516,Delhi,One Year,73.95,17,0.42450288773755745,Medium Risk
CUST-102257,Delhi,Month-to-Month,39.67,17,0.4243129363776239,Medium Risk
CUST-104145,Pune,Month-to-Month,85.39,72,0.42392753029025376,Medium Risk
CUST-103573,Delhi,Month-to-Month,70.56,1,0.42260194157633635,Medium Risk
CUST-102128,Delhi,Two Year,85.25,27,0.4224458702143559,Medium Risk
CUST-100165,Ahmedabad,Month-to-Month,66.51,3,0.4217588038152626,Medium Risk
CUST-104416,Mumbai,One Year,118.18,31,0.4203071164717699,Medium Risk
CUST-102592,Chennai,Month-to-Month,61.68,31,0.41988452244486124,Medium Risk
CUST-103942,Pune,Month-to-Month,89.4,28,0.4196823064520964,Medium Risk
CUST-100327,Bangalore,Two Year,87.29,4,0.4193818930592351,Medium Risk
CUST-104229,Pune,Two Year,52.37,1,0.4188784857617686,Medium Risk
CUST-103410,Ahmedabad,One Year,95.39,29,0.41878180677571736,Medium Risk
CUST-102345,Delhi,Month-to-Month,30.36,1,0.41694532411105467,Medium Risk
CUST-103673,Hyderabad,One Year,72.26,4,0.4167977275052282,Medium Risk
CUST-102271,Delhi,Month-to-Month,82.2,62,0.41386996281631616,Medium Risk
CUST-103550,Pune,Month-to-Month,46.4,18,0.4128840534480261,Medium Risk
CUST-104669,Bangalore,Month-to-Month,112.6,18,0.4122521167725878,Medium Risk
CUST-100439,Delhi,Month-to-Month,73.05,50,0.4099112809845613,Medium Risk
CUST-101567,Mumbai,Month-to-Month,39.1,5,0.40974232126647325,Medium Risk
CUST-102413,Mumbai,Month-to-Month,72.61,10,0.40880961457525994,Medium Risk
CUST-100307,Delhi,Month-to-Month,64.25,29,0.408393840837766,Medium Risk
CUST-103153,Delhi,Two Year,57.09,5,0.40777115505999223,Medium Risk
CUST-102382,Mumbai,Month-to-Month,36.94,31,0.40770755182332913,Medium Risk
CUST-103634,Chennai,Month-to-Month,109.67,29,0.40767709608414854,Medium Risk
CUST-104443,Delhi,One Year,100.81,10,0.40672669417483687,Medium Risk
CUST-101500,Chennai,One Year,73.1,11,0.40589870836209185,Medium Risk
CUST-104993,Mumbai,Month-to-Month,80.04,33,0.4049296334093163,Medium Risk
CUST-102247,Bangalore,One Year,116.38,29,0.40425572140297317,Medium Risk
CUST-103464,Bangalore,Month-to-Month,63.31,62,0.40405611202137004,Medium Risk
CUST-101644,Pune,Month-to-Month,73.78,3,0.40404910136591027,Medium Risk
CUST-101253,Mumbai,Month-to-Month,37.35,3,0.40329082460418963,Medium Risk
CUST-103958,Chennai,Month-to-Month,74.42,26,0.40106396873616923,Medium Risk
CUST-101259,Mumbai,Month-to-Month,40.7,25,0.4010314903583419,Medium Risk
CUST-101995,Chennai,One Year,41.86,6,0.4004934201015294,Medium Risk
CUST-100266,Kolkata,Month-to-Month,64.5,0,0.3991338682895147,Medium Risk
CUST-102840,Hyderabad,Month-to-Month,97.42,72,0.3981707052735219,Medium Risk
CUST-102624,Pune,Month-to-Month,75.91,22,0.3980146548761092,Medium Risk
CUST-100205,Mumbai,Month-to-Month,96.16,72,0.39761159971817084,Medium Risk
CUST-104126,Ahmedabad,Two Year,87.66,42,0.39673048602867433,Medium Risk
CUST-104102,Bangalore,Two Year,90.87,31,0.3966479319361716,Medium Risk
CUST-104688,Delhi,Month-to-Month,107.12,61,0.3965492699198338,Medium Risk
CUST-102613,Bangalore,One Year,67.42,29,0.39564937116954446,Medium Risk
CUST-104298,Bangalore,Two Year,124.5,29,0.3940557837617053,Medium Risk
CUST-102256,Mumbai,Month-to-Month,60.08,5,0.39333260141982296,Medium Risk
CUST-104780,Delhi,One Year,60.0,19,0.3925505096863801,Medium Risk
CUST-102028,Delhi,Month-to-Month,109.53,62,0.3924956586413097,Medium Risk
CUST-101472,Kolkata,Month-to-Month,96.8,27,0.39222614417747326,Medium Risk
CUST-103487,Mumbai,Month-to-Month,36.07,19,0.3917840800536901,Medium Risk
CUST-100196,Pune,Month-to-Month,78.13,3,0.3916744986470237,Medium Risk
CUST-102871,Kolkata,One Year,72.28,12,0.39094957129987973,Medium Risk
CUST-103953,Bangalore,Month-to-Month,73.63,42,0.39041844925587194,Medium Risk
CUST-102581,Mumbai,Two Year,104.01,16,0.3899552128609232,Medium Risk
CUST-100706,Bangalore,Month-to-Month,38.46,20,0.38926833820474227,Medium Risk
CUST-104521,Mumbai,One Year,70.1,13,0.38873107200118,Medium Risk
CUST-104404,Hyderabad,Month-to-Month,44.91,28,0.3879496235203861,Medium Risk
CUST-102762,Hyderabad,Month-to-Month,68.87,17,0.3869727172532909,Medium Risk
CUST-100747,Delhi,Month-to-Month,70.55,19,0.38679693943883564,Medium Risk
CUST-104725,Ahmedabad,Month-to-Month,48.56,35,0.3867790197829815,Medium Risk
CUST-103765,Kolkata,Month-to-Month,86.96,28,0.38677591505559106,Medium Risk
CUST-100695,Kolkata,Month-to-Month,43.16,19,0.38519770251978025,Medium Risk
CUST-101439,Delhi,Month-to-Month,38.2,14,0.38514264872023884,Medium Risk
CUST-100510,Bangalore,Two Year,96.88,26,0.3839785791669205,Medium Risk
CUST-104281,Delhi,Month-to-Month,67.35,60,0.38307106194535623,Medium Risk
CUST-103875,Kolkata,Month-to-Month,47.05,24,0.3824936218087603,Medium Risk
CUST-104280,Bangalore,One Year,101.07,10,0.38188835819140965,Medium Risk
CUST-100155,Delhi,Month-to-Month,45.14,29,0.3813340972294484,Medium Risk
CUST-103952,Chennai,Two Year,91.66,2,0.3810788777613824,Medium Risk
CUST-101382,Pune,Month-to-Month,87.68,23,0.3809599107555393,Medium Risk
CUST-100480,Delhi,One Year,94.44,14,0.3806297524028334,Medium Risk
CUST-104392,Mumbai,Month-to-Month,91.01,72,0.38054428077953373,Medium Risk
CUST-102464,Chennai,Month-to-Month,38.38,4,0.3801692825674561,Medium Risk
CUST-104928,Kolkata,One Year,89.08,16,0.3796101852585466,Medium Risk
CUST-104318,Hyderabad,Month-to-Month,98.88,72,0.3793084399253695,Medium Risk
CUST-101463,Chennai,Month-to-Month,71.08,5,0.37858890795516825,Medium Risk
CUST-102068,Delhi,Two Year,42.72,2,0.3782979920630359,Medium Risk
CUST-101520,Bangalore,Month-to-Month,51.92,2,0.3780852750980037,Medium Risk
CUST-101733,Chennai,Month-to-Month,61.76,19,0.3776447141565202,Medium Risk
CUST-100056,Kolkata,Month-to-Month,62.78,10,0.3766950892137855,Medium Risk
CUST-104811,Delhi,Month-to-Month,84.83,23,0.375121952385398,Medium Risk
CUST-104379,Kolkata,One Year,61.79,3,0.3736471703585846,Medium Risk
CUST-100836,Kolkata,Month-to-Month,82.83,35,0.3735518892324113,Medium Risk
CUST-101536,Delhi,Month-to-Month,93.55,29,0.3723448689718541,Medium Risk
CUST-101190,Kolkata,Month-to-Month,42.35,19,0.372320950913989,Medium Risk
CUST-103002,Bangalore,Two Year,39.05,1,0.37231309160629245,Medium Risk
CUST-101939,Kolkata,Month-to-Month,67.91,51,0.3722011023963186,Medium Risk
CUST-103954,Bangalore,One Year,69.93,27,0.37173394164439866,Medium Risk
CUST-103076,Mumbai,Month-to-Month,42.86,36,0.3717054606816635,Medium Risk
CUST-102280,Hyderabad,One Year,110.57,2,0.3715672830708951,Medium Risk
CUST-101700,Mumbai,One Year,90.87,0,0.36987000088807587,Medium Risk
CUST-101931,Bangalore,Month-to-Month,46.41,2,0.3692276959116835,Medium Risk
CUST-101914,Hyderabad,One Year,92.23,18,0.36910834451798297,Medium Risk
CUST-101924,Ahmedabad,One Year,101.39,16,0.36903347945556164,Medium Risk
CUST-100018,Kolkata,Month-to-Month,65.99,64,0.36880400508335065,Medium Risk
CUST-101767,Ahmedabad,One Year,82.24,33,0.36808491977255287,Medium Risk
CUST-101485,Mumbai,Month-to-Month,67.03,25,0.36669229509711226,Medium Risk
CUST-104028,Hyderabad,Month-to-Month,24.37,1,0.36576619415217554,Medium Risk
CUST-102106,Mumbai,Month-to-Month,72.64,54,0.36554443188706753,Medium Risk
CUST-101535,Chennai,One Year,105.61,12,0.36507417269072867,Medium Risk
CUST-102527,Mumbai,Two Year,87.71,0,0.3645043419844763,Medium Risk
CUST-103399,Bangalore,Month-to-Month,76.65,16,0.36343113765486873,Medium Risk
CUST-101866,Delhi,Month-to-Month,74.3,72,0.3623731433722916,Medium Risk
CUST-100268,Delhi,Month-to-Month,46.35,12,0.3620207629581452,Medium Risk
CUST-101444,Hyderabad,Month-to-Month,50.35,13,0.3618700778763421,Medium Risk
CUST-103646,Ahmedabad,Month-to-Month,74.42,12,0.361662697001334,Medium Risk
CUST-103209,Mumbai,Month-to-Month,86.8,55,0.36150650938805323,Medium Risk
CUST-100250,Pune,One Year,73.43,32,0.3604119689798823,Medium Risk
CUST-104103,Ahmedabad,One Year,89.94,1,0.3602885701605228,Medium Risk
CUST-104966,Chennai,Month-to-Month,101.47,35,0.360183981320165,Medium Risk
CUST-101539,Bangalore,Two Year,80.1,0,0.36001415685915716,Medium Risk
CUST-102702,Chennai,One Year,109.6,16,0.35935183049590097,Medium Risk
CUST-101189,Kolkata,One Year,67.43,10,0.35909993947652324,Medium Risk
CUST-100849,Bangalore,One Year,64.33,7,0.35835301794979346,Medium Risk
CUST-103300,Hyderabad,Two Year,105.87,17,0.35718118519440833,Medium Risk
CUST-102868,Ahmedabad,One Year,85.65,0,0.3564239110626926,Medium Risk
CUST-103224,Hyderabad,One Year,92.93,0,0.35610835234952154,Medium Risk
CUST-101893,Chennai,Month-to-Month,64.99,22,0.3555399060783437,Medium Risk
CUST-104181,Bangalore,One Year,97.69,41,0.3553586820820239,Medium Risk
CUST-102127,Ahmedabad,Month-to-Month,93.23,26,0.3538015190102381,Medium Risk
CUST-102940,Delhi,Month-to-Month,32.63,5,0.3530742502661848,Medium Risk
CUST-102229,Bangalore,Month-to-Month,100.79,26,0.3525616670501336,Medium Risk
CUST-103514,Ahmedabad,One Year,39.1,5,0.3521437431189199,Medium Risk
CUST-102737,Hyderabad,One Year,93.62,50,0.35181841105245726,Medium Risk
CUST-102067,Mumbai,Two Year,73.96,30,0.3517344097129871,Medium Risk
CUST-104344,Mumbai,One Year,90.4,35,0.3516693582590626,Medium Risk
CUST-104458,Bangalore,Month-to-Month,96.9,28,0.35148946644796814,Medium Risk
CUST-102814,Ahmedabad,One Year,50.36,10,0.3508551511931227,Medium Risk
CUST-103046,Hyderabad,Month-to-Month,55.64,37,0.3506729223437179,Medium Risk
CUST-103945,Kolkata,Two Year,69.91,8,0.35008975348874743,Medium Risk
CUST-104237,Chennai,One Year,106.91,25,0.3497845998410147,Medium Risk
CUST-101093,Mumbai,Month-to-Month,98.41,37,0.34942982484270413,Medium Risk
CUST-102802,Delhi,Two Year,74.06,25,0.34850830125771975,Medium Risk
CUST-101124,Ahmedabad,Month-to-Month,89.26,72,0.34804456225954455,Medium Risk
CUST-103538,Ahmedabad,Month-to-Month,95.58,34,0.3476220947083072,Medium Risk
CUST-101578,Mumbai,One Year,100.55,2,0.3475736444370428,Medium Risk
CUST-104644,Chennai,Month-to-Month,91.06,72,0.3468957797711828,Medium Risk
CUST-104290,Chennai,One Year,98.93,26,0.3456121060177055,Medium Risk
CUST-103927,Delhi,Two Year,34.65,5,0.344879223274168,Medium Risk
CUST-103712,Chennai,Month-to-Month,89.74,29,0.34395335241939284,Medium Risk
CUST-101610,Mumbai,One Year,47.79,16,0.34361802752652015,Medium Risk
CUST-104206,Delhi,Month-to-Month,70.9,55,0.3435299648081423,Medium Risk
CUST-100763,Bangalore,Month-to-Month,59.1,67,0.3430481001708232,Medium Risk
CUST-104076,Hyderabad,Two Year,113.8,15,0.34257065619940685,Medium Risk
CUST-103461,Mumbai,Two Year,96.32,3,0.3414300188617949,Medium Risk
CUST-103308,Hyderabad,One Year,96.07,15,0.3411872077634058,Medium Risk
CUST-100310,Delhi,Month-to-Month,91.48,50,0.3401086520950253,Medium Risk
CUST-101229,Pune,Month-to-Month,70.78,16,0.3395899049515853,Medium Risk
CUST-101381,Hyderabad,One Year,96.0,12,0.3395831757557954,Medium Risk
CUST-100189,Mumbai,Month-to-Month,36.5,35,0.33957157659924253,Medium Risk
CUST-104679,Bangalore,Two Year,91.14,4,0.3386245503317276,Medium Risk
CUST-101688,Delhi,Two Year,91.38,5,0.3381106704069659,Medium Risk
CUST-100455,Hyderabad,Month-to-Month,32.17,33,0.3377290631648028,Medium Risk
CUST-104813,Hyderabad,Month-to-Month,45.22,17,0.33756382316846917,Medium Risk
CUST-104962,Chennai,Month-to-Month,41.38,40,0.337369208742567,Medium Risk
CUST-101478,Bangalore,One Year,99.76,7,0.3372311954021449,Medium Risk
CUST-103739,Ahmedabad,Two Year,103.03,12,0.3365021651080593,Medium Risk
CUST-100088,Ahmedabad,Month-to-Month,44.64,10,0.33566466337854073,Medium Risk
CUST-104569,Kolkata,One Year,108.87,4,0.3356089874289724,Medium Risk
CUST-101335,Mumbai,One Year,77.0,56,0.33498039503056604,Medium Risk
CUST-102144,Hyderabad,Month-to-Month,46.35,28,0.33465211620230434,Medium Risk
CUST-102330,Chennai,Month-to-Month,64.35,42,0.3346066721789038,Medium Risk
CUST-103295,Kolkata,Month-to-Month,100.18,36,0.3342825048806936,Medium Risk
CUST-102262,Delhi,Month-to-Month,119.01,54,0.33424240278179096,Medium Risk
CUST-101650,Chennai,One Year,83.76,17,0.3341534395216796,Medium Risk
CUST-100755,Delhi,Two Year,44.69,2,0.3335460411258564,Medium Risk
CUST-102374,Pune,Month-to-Month,37.58,7,0.3335232751778327,Medium Risk
CUST-104168,Bangalore,Month-to-Month,45.98,5,0.33253769104884073,Medium Risk
CUST-101361,Chennai,One Year,61.32,20,0.33239884395129454,Medium Risk
CUST-101035,Bangalore,Month-to-Month,30.03,17,0.33239427831759183,Medium Risk
CUST-100321,Mumbai,One Year,79.48,6,0.33111998783599844,Medium Risk
CUST-103527,Ahmedabad,Month-to-Month,66.3,21,0.3309611687893381,Medium Risk
CUST-102151,Pune,Month-to-Month,54.57,15,0.33009480231474747,Medium Risk
CUST-103530,Pune,One Year,47.48,8,0.32971757610720703,Medium Risk
CUST-100774,Chennai,Month-to-Month,55.33,27,0.3297074728056265,Medium Risk
CUST-103981,Hyderabad,One Year,82.63,5,0.3286042387565565,Medium Risk
CUST-103943,Mumbai,One Year,80.77,17,0.328436085359513,Medium Risk
CUST-104595,Ahmedabad,Month-to-Month,69.35,21,0.3281486285171947,Medium Risk
CUST-104896,Delhi,Month-to-Month,92.07,53,0.3277833142533341,Medium Risk
CUST-101295,Pune,Two Year,69.44,20,0.3265962606031098,Medium Risk
CUST-101469,Chennai,Month-to-Month,69.53,15,0.3265278122070766,Medium Risk
CUST-100359,Mumbai,One Year,55.36,19,0.32634828714954456,Medium Risk
CUST-104236,Chennai,Two Year,94.73,9,0.3253992176372781,Medium Risk
CUST-103793,Bangalore,One Year,94.09,5,0.32497536273637373,Medium Risk
CUST-100148,Hyderabad,One Year,68.16,10,0.32458962932564234,Medium Risk
CUST-104094,Delhi,Month-to-Month,58.49,25,0.324068581624428,Medium Risk
CUST-103924,Chennai,Two Year,50.61,4,0.3224843202097372,Medium Risk
CUST-104020,Delhi,Month-to-Month,49.53,0,0.32005040712483523,Medium Risk
CUST-100820,Mumbai,One Year,92.37,6,0.3192314003529244,Medium Risk
CUST-103310,Mumbai,One Year,95.6,14,0.31805979856674715,Medium Risk
CUST-103287,Kolkata,Month-to-Month,89.07,36,0.31683361008447736,Medium Risk
CUST-101002,Hyderabad,One Year,80.83,31,0.3157576618482728,Medium Risk
CUST-103510,Bangalore,Month-to-Month,80.1,24,0.3157175605264105,Medium Risk
CUST-103488,Chennai,Two Year,71.72,26,0.31547903685670087,Medium Risk
CUST-100416,Mumbai,Two Year,95.86,11,0.31539505320000377,Medium Risk
CUST-104330,Mumbai,Two Year,67.87,9,0.31528551036944513,Medium Risk
CUST-101484,Mumbai,Month-to-Month,69.14,25,0.31490247725175147,Medium Risk
CUST-102708,Chennai,One Year,64.33,21,0.31443825469203224,Medium Risk
CUST-102199,Hyderabad,Month-to-Month,57.52,22,0.31375079889994534,Medium Risk
CUST-101967,Bangalore,Month-to-Month,45.73,12,0.3131495193023554,Medium Risk
CUST-103162,Chennai,Two Year,98.24,5,0.3127979351761739,Medium Risk
CUST-103718,Hyderabad,Month-to-Month,65.88,56,0.3127799462958567,Medium Risk
CUST-101938,Hyderabad,Month-to-Month,84.46,29,0.3109280400521936,Medium Risk
CUST-104897,Mumbai,Two Year,36.14,0,0.310878788380412,Medium Risk
CUST-102759,Chennai,One Year,106.88,17,0.3105555115508914,Medium Risk
CUST-103317,Delhi,Month-to-Month,47.27,8,0.3102447516378825,Medium Risk
CUST-104174,Delhi,Two Year,83.24,10,0.309292435513084,Medium Risk
CUST-101305,Chennai,One Year,84.18,40,0.30900778736334883,Medium Risk
CUST-100267,Mumbai,Month-to-Month,48.78,35,0.3082147139077343,Medium Risk
CUST-102694,Bangalore,One Year,90.83,11,0.3081114444489114,Medium Risk
CUST-102173,Delhi,One Year,101.71,21,0.3080114486611303,Medium Risk
CUST-102727,Kolkata,One Year,90.15,1,0.306912968816041,Medium Risk
CUST-101225,Bangalore,One Year,43.5,8,0.30377369158801887,Medium Risk
CUST-103866,Kolkata,Two Year,92.19,19,0.30339065970764073,Medium Risk
CUST-102264,Mumbai,One Year,97.45,9,0.3033477777243561,Medium Risk
CUST-104339,Kolkata,One Year,62.05,16,0.3030553454919632,Medium Risk
CUST-102322,Delhi,Month-to-Month,50.47,66,0.3024766803650765,Medium Risk
CUST-103959,Bangalore,One Year,65.65,32,0.3021601811837512,Medium Risk
CUST-101119,Chennai,Two Year,89.85,5,0.3014288217800784,Medium Risk
CUST-100812,Bangalore,Month-to-Month,72.2,15,0.30066751779275497,Medium Risk
CUST-101111,Kolkata,One Year,91.54,5,0.30026531953027974,Medium Risk
CUST-103608,Bangalore,One Year,74.6,4,0.29929379468850037,Low Risk
CUST-100251,Kolkata,Two Year,49.18,8,0.29837783003230434,Low Risk
CUST-103175,Hyderabad,Two Year,78.49,3,0.29796913573264405,Low Risk
CUST-102906,Bangalore,Month-to-Month,64.97,60,0.2978380924112861,Low Risk
CUST-101431,Chennai,Month-to-Month,88.8,61,0.2976232431951883,Low Risk
CUST-103994,Delhi,Two Year,81.1,32,0.2974699898226863,Low Risk
CUST-103059,Mumbai,One Year,33.47,3,0.29711072536017014,Low Risk
CUST-101897,Hyderabad,Month-to-Month,49.87,35,0.2969855537483093,Low Risk
CUST-101145,Bangalore,One Year,58.06,16,0.29672211875330523,Low Risk
CUST-102014,Mumbai,Month-to-Month,43.75,27,0.29589336936386773,Low Risk
CUST-103798,Chennai,One Year,63.39,13,0.29497469871531434,Low Risk
CUST-102025,Bangalore,One Year,85.31,32,0.2942211036243513,Low Risk
CUST-101399,Hyderabad,Two Year,96.94,15,0.29377716744954957,Low Risk
CUST-103240,Chennai,Month-to-Month,67.14,48,0.2915894709520813,Low Risk
CUST-100584,Bangalore,One Year,74.86,41,0.2912112267988649,Low Risk
CUST-103504,Kolkata,Month-to-Month,40.44,5,0.2894385849736757,Low Risk
CUST-101542,Hyderabad,Two Year,25.32,4,0.2880910960732966,Low Risk
CUST-104324,Hyderabad,Two Year,92.42,8,0.28768321905158784,Low Risk
CUST-104189,Bangalore,Two Year,79.45,8,0.2873447625776989,Low Risk
CUST-103809,Kolkata,One Year,87.21,41,0.28542412216603,Low Risk
CUST-102183,Chennai,Month-to-Month,84.98,61,0.2825777309447175,Low Risk
CUST-101130,Hyderabad,Month-to-Month,107.83,59,0.2820358677255631,Low Risk
CUST-104786,Chennai,Month-to-Month,59.58,41,0.2815508994880863,Low Risk
CUST-102752,Kolkata,Month-to-Month,96.83,41,0.2808071158043109,Low Risk
CUST-100441,Bangalore,One Year,87.8,11,0.2800129791976873,Low Risk
CUST-104132,Delhi,One Year,50.66,31,0.2794897535921272,Low Risk
CUST-100323,Chennai,One Year,95.94,13,0.27943114077349573,Low Risk
CUST-104558,Chennai,Month-to-Month,57.6,13,0.278553765245046,Low Risk
CUST-100116,Ahmedabad,Two Year,65.66,13,0.2784481068746318,Low Risk
CUST-101078,Mumbai,One Year,92.17,3,0.2783746997310738,Low Risk
CUST-101554,Delhi,Month-to-Month,52.77,15,0.27781789495195663,Low Risk
CUST-104888,Mumbai,Month-to-Month,95.74,67,0.27772713534138066,Low Risk
CUST-104958,Bangalore,Month-to-Month,47.01,25,0.2771642354460664,Low Risk
CUST-104699,Mumbai,One Year,81.06,8,0.2766415724969695,Low Risk
CUST-100814,Bangalore,Month-to-Month,90.59,65,0.2763257719593272,Low Risk
CUST-104839,Hyderabad,One Year,105.61,50,0.2759090810104919,Low Risk
CUST-104253,Pune,Month-to-Month,38.83,5,0.2753700403396601,Low Risk
CUST-104613,Bangalore,One Year,46.31,38,0.27474884454656073,Low Risk
CUST-104542,Kolkata,Month-to-Month,49.72,30,0.27460782274895384,Low Risk
CUST-100995,Mumbai,Month-to-Month,72.46,52,0.2738674507500273,Low Risk
CUST-101325,Delhi,Two Year,86.29,23,0.2738067827142299,Low Risk
CUST-104301,Hyderabad,Two Year,68.99,13,0.2735829268460041,Low Risk
CUST-100614,Ahmedabad,Two Year,77.67,6,0.2727865027747825,Low Risk
CUST-101583,Mumbai,Month-to-Month,61.02,42,0.2726708745056975,Low Risk
CUST-104382,Bangalore,One Year,105.99,61,0.27233723147803646,Low Risk
CUST-102060,Chennai,One Year,85.08,10,0.2718192784855377,Low Risk
CUST-101453,Mumbai,Month-to-Month,24.08,28,0.2712336071458155,Low Risk
CUST-104110,Kolkata,One Year,95.03,28,0.2708324066706759,Low Risk
CUST-103756,Pune,Two Year,108.97,10,0.27016398067553754,Low Risk
CUST-101016,Bangalore,One Year,61.35,30,0.26904026806531267,Low Risk
CUST-102332,Ahmedabad,Two Year,56.81,18,0.26847005063998575,Low Risk
CUST-104760,Mumbai,Month-to-Month,71.78,45,0.26824444770362493,Low Risk
CUST-104659,Hyderabad,Month-to-Month,82.34,28,0.2681943555027029,Low Risk
CUST-103561,Hyderabad,One Year,89.65,15,0.2677459808815459,Low Risk
CUST-100124,Hyderabad,Month-to-Month,45.3,15,0.2673816605908174,Low Risk
CUST-102965,Pune,Two Year,79.6,3,0.26700953479698986,Low Risk
CUST-104104,Hyderabad,Two Year,68.33,1,0.2669225594134457,Low Risk
CUST-102395,Chennai,Month-to-Month,97.71,32,0.26616591832940906,Low Risk
CUST-104270,Delhi,Month-to-Month,41.07,10,0.2656946978112611,Low Risk
CUST-101764,Mumbai,Two Year,75.37,59,0.26530848137075824,Low Risk
CUST-103986,Bangalore,Two Year,58.12,23,0.26419571853960216,Low Risk
CUST-103115,Pune,Month-to-Month,34.27,3,0.2639664358298856,Low Risk
CUST-104109,Ahmedabad,One Year,27.34,12,0.2635537356385925,Low Risk
CUST-104351,Delhi,Month-to-Month,34.47,0,0.2633224047510433,Low Risk
CUST-102996,Kolkata,One Year,96.63,12,0.26275410570194024,Low Risk
CUST-100834,Chennai,Two Year,41.97,11,0.2623487505869792,Low Risk
CUST-104869,Ahmedabad,One Year,88.94,18,0.26201517271402713,Low Risk
CUST-103692,Mumbai,Two Year,77.74,15,0.2617942346159402,Low Risk
CUST-104684,Hyderabad,Month-to-Month,93.37,50,0.2614112374216512,Low Risk
CUST-102228,Delhi,Two Year,75.82,35,0.2592845351195428,Low Risk
CUST-104297,Delhi,Month-to-Month,66.9,62,0.25686074784441676,Low Risk
CUST-102474,Delhi,Two Year,99.85,34,0.2568497576418795,Low Risk
CUST-102313,Chennai,Month-to-Month,49.44,8,0.25684321655512304,Low Risk
CUST-104856,Bangalore,One Year,91.95,13,0.25638636124682274,Low Risk
CUST-101885,Hyderabad,One Year,92.4,51,0.2553211192390567,Low Risk
CUST-100539,Kolkata,Two Year,95.47,26,0.25499436151984195,Low Risk
CUST-102967,Chennai,One Year,95.05,53,0.25460552302527756,Low Risk
CUST-103581,Bangalore,Month-to-Month,72.98,37,0.25395175843279694,Low Risk
CUST-100046,Bangalore,Two Year,56.03,37,0.2530402687126698,Low Risk
CUST-103475,Bangalore,Two Year,91.59,11,0.25217432843198073,Low Risk
CUST-104350,Hyderabad,Month-to-Month,36.85,1,0.2518293252189124,Low Risk
CUST-104113,Mumbai,One Year,78.0,47,0.2516770881958071,Low Risk
CUST-104756,Ahmedabad,Month-to-Month,97.23,36,0.2511684838722209,Low Risk
CUST-102121,Bangalore,Two Year,77.51,17,0.25107173297494395,Low Risk
CUST-101455,Chennai,Month-to-Month,62.6,55,0.25073335751283876,Low Risk
CUST-103381,Chennai,One Year,89.99,23,0.2506730812101244,Low Risk
CUST-104728,Hyderabad,Two Year,75.5,17,0.25061062990649025,Low Risk
CUST-101100,Ahmedabad,Month-to-Month,39.48,9,0.25025687223392823,Low Risk
CUST-103791,Delhi,Month-to-Month,42.45,8,0.24964688618786743,Low Risk
CUST-100206,Pune,One Year,62.61,31,0.2487086451336736,Low Risk
CUST-104682,Delhi,Month-to-Month,30.0,9,0.24828273366178608,Low Risk
CUST-100340,Mumbai,Two Year,104.47,47,0.24681415222518613,Low Risk
CUST-100880,Delhi,Two Year,78.71,1,0.24629738288461273,Low Risk
CUST-104610,Hyderabad,Two Year,51.85,11,0.2458732050520448,Low Risk
CUST-102163,Delhi,Two Year,94.91,11,0.24511795687459184,Low Risk
CUST-102091,Bangalore,One Year,89.88,4,0.2444467506212536,Low Risk
CUST-104412,Ahmedabad,One Year,60.23,40,0.2432980996354862,Low Risk
CUST-104175,Mumbai,Month-to-Month,90.59,53,0.24247934385097675,Low Risk
CUST-102004,Mumbai,Two Year,48.56,10,0.24187792784738255,Low Risk
CUST-104763,Mumbai,One Year,58.83,0,0.24170967611836475,Low Risk
CUST-101098,Chennai,Month-to-Month,62.8,28,0.24149370778946236,Low Risk
CUST-103826,Ahmedabad,Month-to-Month,85.47,72,0.24130107128292788,Low Risk
CUST-104711,Pune,Month-to-Month,39.82,9,0.2393129358057872,Low Risk
CUST-102189,Bangalore,Two Year,72.9,11,0.23929201943057019,Low Risk
CUST-103442,Kolkata,Two Year,111.83,40,0.23865356050719475,Low Risk
CUST-101276,Mumbai,One Year,69.09,5,0.23820628211285164,Low Risk
CUST-103151,Ahmedabad,One Year,75.48,24,0.23620220005396628,Low Risk
CUST-103202,Chennai,Two Year,69.95,12,0.23542233247670172,Low Risk
CUST-101788,Bangalore,Month-to-Month,92.32,49,0.23519615917873077,Low Risk
CUST-103719,Hyderabad,One Year,77.18,49,0.23456796992728196,Low Risk
CUST-104926,Delhi,One Year,83.64,22,0.23255591084095759,Low Risk
CUST-104719,Mumbai,Two Year,100.01,70,0.23131407755436015,Low Risk
CUST-104517,Delhi,Two Year,25.07,13,0.2307441615914344,Low Risk
CUST-101923,Bangalore,One Year,69.12,3,0.23069425781923206,Low Risk
CUST-104021,Mumbai,One Year,93.21,72,0.23030822645203936,Low Risk
CUST-101601,Ahmedabad,One Year,69.91,4,0.2295716837756632,Low Risk
CUST-101991,Ahmedabad,Month-to-Month,70.56,72,0.22925292238804829,Low Risk
CUST-102704,Mumbai,Month-to-Month,86.45,48,0.22827037361636532,Low Risk
CUST-103407,Hyderabad,One Year,82.94,25,0.2280052637017486,Low Risk
CUST-100467,Hyderabad,One Year,41.07,12,0.22799096700710483,Low Risk
CUST-103078,Pune,One Year,84.51,16,0.22684534060432052,Low Risk
CUST-103892,Bangalore,Month-to-Month,45.82,42,0.22577913305781394,Low Risk
CUST-104166,Pune,Two Year,84.0,68,0.22460208460950756,Low Risk
CUST-104247,Mumbai,Two Year,41.71,13,0.2234108497560762,Low Risk
CUST-104834,Chennai,Month-to-Month,73.44,72,0.2227671527701247,Low Risk
CUST-102035,Mumbai,Month-to-Month,52.33,17,0.22217907180448965,Low Risk
CUST-104016,Ahmedabad,One Year,42.37,5,0.2219415280232182,Low Risk
CUST-100707,Mumbai,Two Year,54.64,30,0.2217147778887091,Low Risk
CUST-101827,Delhi,Month-to-Month,35.49,18,0.22053731703903462,Low Risk
CUST-102073,Kolkata,Month-to-Month,41.58,14,0.21993774590248397,Low Risk
CUST-100388,Mumbai,One Year,61.57,36,0.21992439353978172,Low Risk
CUST-101356,Kolkata,Two Year,79.06,4,0.2192703793227111,Low Risk
CUST-103212,Mumbai,Month-to-Month,34.41,13,0.2188151564063855,Low Risk
CUST-104878,Chennai,Two Year,74.85,50,0.21876357583305714,Low Risk
CUST-104603,Delhi,Two Year,39.45,30,0.21870741516909456,Low Risk
CUST-103540,Delhi,Month-to-Month,31.89,29,0.2185892091492939,Low Risk
CUST-102641,Chennai,One Year,38.42,4,0.21792992740041114,Low Risk
CUST-101153,Pune,One Year,91.78,36,0.2173014927667721,Low Risk
CUST-104938,Bangalore,One Year,73.54,8,0.21726925136678682,Low Risk
CUST-100910,Pune,Month-to-Month,50.64,16,0.21657175857295466,Low Risk
CUST-102870,Delhi,One Year,76.63,2,0.2164400358978452,Low Risk
CUST-104598,Mumbai,Two Year,58.43,30,0.216292637796822,Low Risk
CUST-102135,Pune,Month-to-Month,43.83,21,0.21526724053473814,Low Risk
CUST-104541,Ahmedabad,Month-to-Month,35.22,24,0.21523729448739223,Low Risk
CUST-100852,Kolkata,Month-to-Month,59.92,35,0.21438543759999906,Low Risk
CUST-102888,Hyderabad,One Year,81.2,60,0.21408148396279708,Low Risk
CUST-100246,Mumbai,Two Year,80.34,72,0.21398622112059826,Low Risk
CUST-103867,Chennai,Month-to-Month,63.52,35,0.21304893984657294,Low Risk
CUST-101462,Delhi,Month-to-Month,41.79,25,0.2117503749966028,Low Risk
CUST-103055,Hyderabad,One Year,51.43,35,0.2113571063257714,Low Risk
CUST-100041,Hyderabad,Month-to-Month,78.07,36,0.2108978146177433,Low Risk
CUST-103344,Delhi,Month-to-Month,62.42,72,0.2108838640083192,Low Risk
CUST-103853,Mumbai,One Year,70.39,5,0.2108649603290197,Low Risk
CUST-100224,Delhi,One Year,112.42,32,0.21060293355558823,Low Risk
CUST-103624,Delhi,Month-to-Month,83.4,42,0.21027611530313492,Low Risk
CUST-103280,Bangalore,One Year,71.88,53,0.20984579233012737,Low Risk
CUST-102074,Hyderabad,One Year,63.38,35,0.20982254584269505,Low Risk
CUST-104810,Bangalore,One Year,44.16,13,0.20924436444535913,Low Risk
CUST-103396,Delhi,Month-to-Month,89.34,40,0.20903752324973454,Low Risk
CUST-100909,Ahmedabad,One Year,50.82,23,0.2088905614257349,Low Risk
CUST-103393,Ahmedabad,One Year,92.25,60,0.20769672274285825,Low Risk
CUST-101291,Bangalore,Month-to-Month,74.13,36,0.20759432777633202,Low Risk
CUST-102131,Delhi,Two Year,63.28,2,0.20643542638290618,Low Risk
CUST-102148,Chennai,One Year,34.22,21,0.20618017562073498,Low Risk
CUST-100917,Ahmedabad,Two Year,56.64,42,0.20617292893425243,Low Risk
CUST-104974,Delhi,Month-to-Month,63.83,40,0.20613664390059702,Low Risk
CUST-103666,Mumbai,Two Year,48.97,14,0.20528154698819773,Low Risk
CUST-104334,Chennai,One Year,46.93,36,0.20511978731554592,Low Risk
CUST-101505,Kolkata,Month-to-Month,48.85,14,0.2050825875918671,Low Risk
CUST-104859,Delhi,One Year,79.99,9,0.20430399182681472,Low Risk
CUST-101313,Bangalore,One Year,47.28,1,0.20389377027189942,Low Risk
CUST-102638,Ahmedabad,Month-to-Month,85.79,35,0.2035546641269225,Low Risk
CUST-103239,Bangalore,Two Year,40.71,5,0.20308557511226338,Low Risk
CUST-101107,Delhi,One Year,47.63,4,0.20273351670749393,Low Risk
CUST-101138,Pune,Month-to-Month,81.56,42,0.2015287638716901,Low Risk
CUST-102230,Delhi,Month-to-Month,36.89,16,0.20038132112618864,Low Risk
CUST-104056,Ahmedabad,Two Year,37.06,3,0.19868537366479372,Low Risk
CUST-100676,Kolkata,One Year,63.45,7,0.1978067251953275,Low Risk
CUST-103299,Ahmedabad,Two Year,72.14,22,0.1975030479670311,Low Risk
CUST-104738,Kolkata,Month-to-Month,38.9,37,0.1967031392872105,Low Risk
CUST-102498,Hyderabad,One Year,42.28,14,0.19646494089705704,Low Risk
CUST-103052,Chennai,Two Year,70.4,1,0.19564620691624024,Low Risk
CUST-101063,Kolkata,Two Year,60.57,11,0.19442740276404616,Low Risk
CUST-104384,Kolkata,One Year,37.61,3,0.19368297487928332,Low Risk
CUST-102428,Kolkata,One Year,51.57,57,0.1929369821982544,Low Risk
CUST-100663,Bangalore,One Year,27.82,36,0.1927870313077613,Low Risk
CUST-100097,Kolkata,Two Year,67.07,2,0.19271870132227584,Low Risk
CUST-102295,Bangalore,Month-to-Month,80.64,39,0.19245585596894765,Low Risk
CUST-104770,Chennai,Month-to-Month,87.95,67,0.19170301841441179,Low Risk
CUST-103199,Ahmedabad,One Year,45.48,23,0.19095387156222837,Low Risk
CUST-103130,Kolkata,Month-to-Month,68.62,40,0.1906299771882463,Low Risk
CUST-100023,Pune,Month-to-Month,73.62,43,0.19040564886818298,Low Risk
CUST-101377,Chennai,One Year,97.03,72,0.18934917054003825,Low Risk
CUST-101154,Bangalore,Month-to-Month,82.92,37,0.18887897431598782,Low Risk
CUST-103193,Bangalore,Month-to-Month,55.56,72,0.18883250103667998,Low Risk
CUST-103594,Kolkata,Month-to-Month,87.65,58,0.18740281161112218,Low Risk
CUST-100399,Mumbai,One Year,70.79,11,0.18686046241342688,Low Risk
CUST-103696,Hyderabad,One Year,98.22,49,0.18638587313993588,Low Risk
CUST-101705,Pune,One Year,93.36,34,0.18629617485049235,Low Risk
CUST-100540,Hyderabad,Two Year,44.43,19,0.18552468058921195,Low Risk
CUST-103070,Delhi,One Year,39.16,29,0.18538257819574278,Low Risk
CUST-102655,Hyderabad,Two Year,36.04,5,0.18394892895441478,Low Risk
CUST-103886,Mumbai,Month-to-Month,75.08,44,0.18267989338382012,Low Risk
CUST-101833,Mumbai,One Year,66.68,55,0.18196390742468355,Low Risk
CUST-104674,Ahmedabad,One Year,41.2,36,0.1813139675708871,Low Risk
CUST-100028,Bangalore,One Year,67.08,51,0.18093158734269263,Low Risk
CUST-101506,Delhi,One Year,45.21,31,0.18050078468334343,Low Risk
CUST-101835,Delhi,One Year,81.96,72,0.17963344144355153,Low Risk
CUST-104187,Bangalore,Month-to-Month,83.95,72,0.17878429568270596,Low Risk
CUST-103241,Hyderabad,Two Year,63.29,21,0.17862358811467488,Low Risk
CUST-100940,Mumbai,Two Year,68.41,13,0.1782541313741742,Low Risk
CUST-100349,Ahmedabad,One Year,85.42,44,0.17758040956452387,Low Risk
CUST-104431,Ahmedabad,Month-to-Month,44.04,52,0.17742345002992146,Low Risk
CUST-102853,Bangalore,Two Year,53.02,22,0.17716109603686164,Low Risk
CUST-103499,Ahmedabad,One Year,62.6,13,0.1770664784843669,Low Risk
CUST-102600,Hyderabad,Month-to-Month,46.21,56,0.1762990948947862,Low Risk
CUST-100644,Ahmedabad,Two Year,61.66,1,0.1758054339196772,Low Risk
CUST-103226,Chennai,Month-to-Month,85.01,33,0.17544907083245134,Low Risk
CUST-104439,Bangalore,Two Year,124.74,45,0.1749873738230764,Low Risk
CUST-102160,Pune,One Year,73.83,72,0.17069111647242188,Low Risk
CUST-100261,Hyderabad,Two Year,67.02,40,0.16946527785520255,Low Risk
CUST-101402,Hyderabad,Month-to-Month,35.53,61,0.1694457456877498,Low Risk
CUST-102018,Delhi,Two Year,40.33,5,0.16926872802680862,Low Risk
CUST-102132,Bangalore,Month-to-Month,37.23,58,0.16833081514364334,Low Risk
CUST-100990,Bangalore,One Year,98.39,51,0.1677052036407795,Low Risk
CUST-103662,Chennai,One Year,44.02,32,0.16684944892824946,Low Risk
CUST-102953,Hyderabad,One Year,81.07,27,0.16643733780695225,Low Risk
CUST-102489,Ahmedabad,Two Year,74.95,71,0.16641842022558226,Low Risk
CUST-100581,Bangalore,One Year,47.13,15,0.16620970432165316,Low Risk
CUST-100636,Mumbai,Month-to-Month,82.38,49,0.16562555320685077,Low Risk
CUST-103446,Kolkata,One Year,62.09,72,0.16561772785683102,Low Risk
CUST-102721,Delhi,Two Year,89.13,47,0.16557393617907115,Low Risk
CUST-100878,Hyderabad,One Year,44.29,26,0.16476952639261358,Low Risk
CUST-101828,Pune,One Year,46.85,1,0.16476117851210678,Low Risk
CUST-103069,Delhi,One Year,46.55,9,0.16354148076231412,Low Risk
CUST-104871,Kolkata,One Year,104.16,60,0.1634055699309653,Low Risk
CUST-101022,Bangalore,Two Year,69.22,14,0.1624908403357477,Low Risk
CUST-100698,Kolkata,One Year,68.1,26,0.1623449304394738,Low Risk
CUST-102626,Pune,Two Year,98.8,28,0.1619874923209498,Low Risk
CUST-102305,Kolkata,One Year,38.27,35,0.16125834919564708,Low Risk
CUST-103496,Mumbai,Two Year,79.95,41,0.16088012658482426,Low Risk
CUST-104357,Delhi,One Year,97.32,30,0.1607511217365593,Low Risk
CUST-102072,Ahmedabad,Month-to-Month,48.33,44,0.15814048624656996,Low Risk
CUST-104620,Delhi,Month-to-Month,60.56,43,0.15747246443288815,Low Risk
CUST-100803,Hyderabad,Two Year,40.66,49,0.1571937747025511,Low Risk
CUST-102590,Ahmedabad,One Year,86.79,29,0.15719237886340456,Low Risk
CUST-101738,Hyderabad,Two Year,97.47,59,0.156567839313916,Low Risk
CUST-100080,Hyderabad,One Year,71.37,16,0.15615870529160675,Low Risk
CUST-104802,Hyderabad,Two Year,59.22,16,0.15500946825204512,Low Risk
CUST-101353,Bangalore,Two Year,42.1,14,0.1548072513613599,Low Risk
CUST-104284,Bangalore,One Year,84.24,31,0.15449922180485895,Low Risk
CUST-100727,Bangalore,Month-to-Month,75.27,35,0.15418575085189404,Low Risk
CUST-104230,Bangalore,One Year,33.99,43,0.15407622213604957,Low Risk
CUST-101299,Pune,One Year,87.92,72,0.15203400599811415,Low Risk
CUST-104472,Bangalore,One Year,68.96,72,0.15200651011085942,Low Risk
CUST-101641,Chennai,Two Year,82.82,30,0.14903401268106856,Low Risk
CUST-103413,Delhi,One Year,52.26,0,0.1488553002211669,Low Risk
CUST-103083,Hyderabad,One Year,29.77,6,0.14877850432788278,Low Risk
CUST-103988,Delhi,Month-to-Month,87.94,32,0.1477479166912967,Low Risk
CUST-100433,Mumbai,Two Year,31.65,3,0.1457602022074089,Low Risk
CUST-103079,Pune,Two Year,100.87,30,0.14514294594529364,Low Risk
CUST-104748,Delhi,Month-to-Month,42.95,47,0.1445611594370416,Low Risk
CUST-104245,Mumbai,One Year,96.34,72,0.14377535036566763,Low Risk
CUST-104773,Kolkata,Month-to-Month,35.23,65,0.14351806922525198,Low Risk
CUST-103084,Mumbai,One Year,51.53,14,0.14347484822045423,Low Risk
CUST-101250,Mumbai,Two Year,46.24,1,0.14265020988340438,Low Risk
CUST-100353,Mumbai,One Year,41.23,14,0.14190615855326852,Low Risk
CUST-103452,Kolkata,Month-to-Month,46.59,38,0.14187506987534598,Low Risk
CUST-103702,Mumbai,One Year,80.03,47,0.14035132966256478,Low Risk
CUST-100026,Mumbai,One Year,79.74,30,0.14028971570891044,Low Risk
CUST-103376,Hyderabad,One Year,58.48,64,0.13903421084601952,Low Risk
CUST-104796,Pune,One Year,76.77,33,0.13872373616722977,Low Risk
CUST-100944,Kolkata,Two Year,61.98,30,0.13853193477733233,Low Risk
CUST-101884,Chennai,One Year,84.01,48,0.1374193785791458,Low Risk
CUST-103543,Mumbai,One Year,99.56,72,0.1356454784588877,Low Risk
CUST-103229,Chennai,One Year,35.38,16,0.1348434884584652,Low Risk
CUST-104808,Kolkata,Two Year,70.9,72,0.13358385541006845,Low Risk
CUST-100792,Mumbai,One Year,33.27,11,0.13140796682206543,Low Risk
CUST-102773,Delhi,One Year,93.5,72,0.13048847838471125,Low Risk
CUST-102606,Pune,Month-to-Month,54.52,51,0.13016343089275728,Low Risk
CUST-104943,Chennai,One Year,81.17,32,0.1300603777524637,Low Risk
CUST-103881,Ahmedabad,One Year,81.54,33,0.1298957439817941,Low Risk
CUST-104509,Bangalore,One Year,82.67,38,0.12975169373994602,Low Risk
CUST-103980,Hyderabad,Two Year,36.18,14,0.12821781538934857,Low Risk
CUST-103524,Mumbai,Month-to-Month,44.49,44,0.126995570275425,Low Risk
CUST-104787,Mumbai,One Year,70.22,30,0.1262019382885296,Low Risk
CUST-103580,Pune,Month-to-Month,41.06,58,0.12587498218746915,Low Risk
CUST-103451,Kolkata,One Year,71.97,72,0.12586545549812833,Low Risk
CUST-100661,Mumbai,Month-to-Month,87.59,31,0.1218841666233947,Low Risk
CUST-100043,Hyderabad,Two Year,79.67,72,0.12128133996668895,Low Risk
CUST-103458,Mumbai,Two Year,52.38,9,0.11982710940059105,Low Risk
CUST-101343,Kolkata,Two Year,51.49,19,0.11972732482361387,Low Risk
CUST-100826,Kolkata,Two Year,41.99,21,0.1190483331661176,Low Risk
CUST-103852,Kolkata,Month-to-Month,79.37,66,0.11872854403889697,Low Risk
CUST-101223,Mumbai,Two Year,82.08,39,0.11800579355844559,Low Risk
CUST-101882,Mumbai,Month-to-Month,45.64,55,0.11693750561038262,Low Risk
CUST-102198,Chennai,Two Year,30.77,7,0.11651819126428177,Low Risk
CUST-102920,Ahmedabad,Two Year,21.6,12,0.11620355294255802,Low Risk
CUST-103444,Delhi,One Year,67.44,31,0.11588562234390758,Low Risk
CUST-104138,Delhi,Month-to-Month,56.21,50,0.11359466200775037,Low Risk
CUST-100513,Delhi,One Year,72.01,32,0.11350996933415936,Low Risk
CUST-102899,Bangalore,Two Year,42.85,23,0.11325736763611693,Low Risk
CUST-104785,Delhi,Two Year,42.79,44,0.11126633777735188,Low Risk
CUST-103126,Ahmedabad,One Year,100.81,64,0.11087295329846959,Low Risk
CUST-100906,Chennai,One Year,78.46,51,0.10865308507983705,Low Risk
CUST-103382,Mumbai,One Year,88.0,34,0.10604883765054879,Low Risk
CUST-100199,Bangalore,Two Year,76.95,49,0.1048381645630904,Low Risk
CUST-102443,Delhi,Two Year,61.47,41,0.10440812630479614,Low Risk
CUST-103790,Kolkata,One Year,80.64,72,0.10247307353780803,Low Risk
CUST-100667,Hyderabad,Two Year,39.87,20,0.10115200034821746,Low Risk
CUST-102975,Kolkata,Two Year,74.72,39,0.09852148852364155,Low Risk
CUST-103622,Kolkata,One Year,42.45,17,0.09732552259898826,Low Risk
CUST-102386,Ahmedabad,Month-to-Month,40.01,72,0.0959021908106903,Low Risk
CUST-103999,Bangalore,Two Year,49.76,56,0.09247531123330843,Low Risk
CUST-104853,Bangalore,One Year,64.29,57,0.0921620914130642,Low Risk
CUST-102930,Delhi,Month-to-Month,44.53,58,0.09186890732303525,Low Risk
CUST-101233,Bangalore,One Year,41.61,63,0.08989414027874842,Low Risk
CUST-102515,Mumbai,One Year,80.22,55,0.0884794342396464,Low Risk
CUST-104451,Hyderabad,One Year,38.6,46,0.08814982932520514,Low Risk
CUST-104529,Ahmedabad,One Year,88.78,72,0.08698463541734758,Low Risk
CUST-103725,Delhi,Month-to-Month,27.77,72,0.08597414320355809,Low Risk
CUST-100843,Hyderabad,One Year,78.9,35,0.08571985509981302,Low Risk
CUST-100851,Mumbai,One Year,50.18,52,0.0851553403639736,Low Risk
CUST-103746,Hyderabad,Two Year,73.91,67,0.08450466002750079,Low Risk
CUST-102793,Bangalore,One Year,89.65,58,0.08351220037800615,Low Risk
CUST-100197,Delhi,Two Year,63.45,38,0.0834975924832582,Low Risk
CUST-101640,Hyderabad,One Year,81.62,72,0.08324391509255369,Low Risk
CUST-104680,Kolkata,Two Year,87.83,64,0.08220682138448789,Low Risk
CUST-104080,Kolkata,One Year,86.57,63,0.08197251177241674,Low Risk
CUST-103910,Delhi,One Year,79.75,55,0.07855499482730947,Low Risk
CUST-102699,Delhi,One Year,83.27,72,0.0772671943845391,Low Risk
CUST-102854,Mumbai,Month-to-Month,58.01,63,0.07531530264077493,Low Risk
CUST-103354,Chennai,Month-to-Month,39.84,60,0.07507999050265642,Low Risk
CUST-104033,Delhi,One Year,78.76,60,0.0727978435438767,Low Risk
CUST-103630,Chennai,Month-to-Month,47.58,71,0.07124869012263566,Low Risk
CUST-104365,Bangalore,Two Year,72.66,72,0.06568226992566167,Low Risk
CUST-104333,Bangalore,One Year,49.56,72,0.06500146381866397,Low Risk
CUST-102506,Kolkata,Month-to-Month,53.12,72,0.06395209435853061,Low Risk
CUST-104821,Mumbai,Month-to-Month,44.61,72,0.05867448037823573,Low Risk
CUST-100790,Delhi,Two Year,36.51,61,0.055089052618398464,Low Risk
CUST-101450,Bangalore,Two Year,64.92,72,0.054326827053590175,Low Risk
CUST-102104,Pune,Two Year,80.78,72,0.04951000288319934,Low Risk
CUST-104202,Chennai,One Year,38.7,58,0.04929347012945552,Low Risk
CUST-102995,Mumbai,Month-to-Month,49.08,72,0.04806664070886013,Low Risk
CUST-104986,Mumbai,One Year,77.89,67,0.047855290383558034,Low Risk
CUST-103296,Delhi,One Year,31.0,65,0.04649099178382816,Low Risk
CUST-100355,Bangalore,One Year,41.48,72,0.03883411836714164,Low Risk
CUST-103245,Pune,One Year,40.43,72,0.0252374658299545,Low Risk
CUST-103917,Pune,One Year,44.52,72,0.023206443440166244,Low Risk
